Winner,wins_r,losses_r,draws_r,height_cm_r,weight_in_kg_r,reach_in_cm_r,stance_r,significant_strikes_landed_per_minute_r,significant_striking_accuracy_r,significant_strikes_absorbed_per_minute_r,significant_strike_defence_r,average_takedowns_landed_per_15_minutes_r,takedown_accuracy_r,takedown_defense_r,average_submissions_attempted_per_15_minutes_r,wins_b,losses_b,draws_b,height_cm_b,weight_in_kg_b,reach_in_cm_b,stance_b,significant_strikes_landed_per_minute_b,significant_striking_accuracy_b,significant_strikes_absorbed_per_minute_b,significant_strike_defence_b,average_takedowns_landed_per_15_minutes_b,takedown_accuracy_b,takedown_defense_b,average_submissions_attempted_per_15_minutes_b
1,24,4,0,172.72,61.23,172.72,Orthodox,3.91,33.0,2.61,70.0,2.82,42.0,83.0,0.1,16,4,1,170.18,61.23,172.72,Southpaw,4.85,42.0,4.67,58.0,1.09,35.0,61.0,0.4
1,29,10,1,187.96,92.99,198.12,Orthodox,3.41,50.0,2.91,53.0,1.09,50.0,68.0,0.3,24,3,0,193.04,83.91,203.2,Switch,3.93,48.0,3.11,56.0,0.05,14.0,77.0,0.1
1,20,4,0,182.88,77.11,193.04,Switch,4.36,52.0,2.74,54.0,2.82,45.0,89.0,0.1,22,6,0,177.8,77.11,180.34,Orthodox,3.36,48.0,3.34,54.0,1.95,35.0,47.0,0.5
0,47,19,0,193.04,120.2,203.2,Orthodox,3.67,64.0,2.44,57.0,1.42,55.0,73.0,0.8,37,10,0,200.66,113.4,203.2,Orthodox,5.1,57.0,3.0,54.0,0.49,63.0,73.0,0.2
1,17,4,0,180.34,61.23,177.8,Switch,5.33,44.0,3.4,58.0,1.36,33.0,64.0,0.3,23,11,1,167.64,61.23,172.72,Orthodox,3.77,40.0,2.82,65.0,2.29,31.0,65.0,0.3
1,29,8,0,175.26,70.31,182.88,Southpaw,5.49,50.0,4.3,53.0,1.36,36.0,63.0,1.2,22,6,0,175.26,70.31,187.96,Southpaw,5.32,49.0,4.66,54.0,0.67,55.0,66.0,0.1
1,25,7,0,180.34,65.77,175.26,Orthodox,7.17,47.0,4.75,59.0,0.27,53.0,84.0,0.3,23,7,0,180.34,65.77,182.88,Orthodox,5.12,39.0,7.1,54.0,0.42,29.0,91.0,0.1
0,21,9,0,193.04,107.95,195.58,Orthodox,4.49,47.0,3.33,56.0,0.3,50.0,81.0,0.1,12,2,0,193.04,111.13,205.74,Orthodox,5.49,60.0,2.19,63.0,0.58,21.0,50.0,0.5
1,29,0,0,177.8,70.31,177.8,Orthodox,4.1,48.0,1.75,65.0,5.32,48.0,84.0,0.8,25,4,0,180.34,70.31,177.8,Orthodox,7.35,60.0,7.5,53.0,0.13,25.0,75.0,0.0
1,24,3,0,193.04,83.91,203.2,Switch,3.93,48.0,3.11,56.0,0.05,14.0,77.0,0.1,14,2,0,185.42,83.91,182.88,Orthodox,6.5,60.0,6.38,47.0,0.53,75.0,79.0,0.0
1,47,19,0,193.04,120.2,203.2,Orthodox,3.67,64.0,2.44,57.0,1.42,55.0,73.0,0.8,16,5,1,190.5,120.2,195.58,Orthodox,4.6,49.0,3.83,48.0,0.23,40.0,56.0,0.0
0,20,8,0,167.64,61.23,165.1,Orthodox,5.45,43.0,6.14,56.0,0.47,19.0,82.0,0.5,23,11,1,167.64,61.23,172.72,Orthodox,3.77,40.0,2.82,65.0,2.29,31.0,65.0,0.3
0,21,9,0,193.04,107.95,195.58,Orthodox,4.49,47.0,3.33,56.0,0.3,50.0,81.0,0.1,13,5,0,187.96,109.77,198.12,Orthodox,2.81,45.0,3.15,45.0,0.0,0.0,73.0,0.0
1,20,4,0,193.04,108.86,203.2,Orthodox,4.82,53.0,3.82,54.0,1.86,34.0,68.0,0.0,22,3,0,180.34,106.59,182.88,Orthodox,4.25,52.0,2.92,54.0,1.83,44.0,80.0,0.4
1,26,3,0,167.64,65.77,180.34,Orthodox,6.19,57.0,3.42,58.0,1.84,37.0,70.0,0.2,25,7,0,180.34,65.77,175.26,Orthodox,7.17,47.0,4.75,59.0,0.27,53.0,84.0,0.3
1,20,4,0,182.88,77.11,193.04,Switch,4.36,52.0,2.74,54.0,2.82,45.0,89.0,0.1,35,17,0,180.34,77.11,187.96,Orthodox,4.05,47.0,3.05,64.0,1.38,59.0,72.0,0.3
1,47,19,0,193.04,120.2,203.2,Orthodox,3.67,64.0,2.44,57.0,1.42,55.0,73.0,0.8,13,10,0,195.58,113.4,195.58,Southpaw,3.05,39.0,3.33,54.0,0.29,28.0,70.0,0.1
1,16,3,0,162.56,61.23,162.56,Orthodox,3.93,47.0,3.15,60.0,2.07,34.0,83.0,0.2,24,4,0,172.72,61.23,172.72,Orthodox,3.91,33.0,2.61,70.0,2.82,42.0,83.0,0.1
1,24,3,0,193.04,83.91,203.2,Switch,3.93,48.0,3.11,56.0,0.05,14.0,77.0,0.1,13,5,0,182.88,83.91,185.42,Southpaw,3.44,49.0,3.05,60.0,1.57,30.0,78.0,0.0
1,17,4,0,193.04,120.2,203.2,Orthodox,3.56,49.0,1.89,59.0,5.93,53.0,33.0,0.0,21,9,0,193.04,107.95,195.58,Orthodox,4.49,47.0,3.33,56.0,0.3,50.0,81.0,0.1
1,22,6,0,175.26,70.31,187.96,Southpaw,5.32,49.0,4.66,54.0,0.67,55.0,66.0,0.1,36,17,0,185.42,70.31,185.42,Orthodox,4.41,46.0,4.48,53.0,1.16,33.0,73.0,1.2
0,23,11,1,167.64,61.23,172.72,Orthodox,3.77,40.0,2.82,65.0,2.29,31.0,65.0,0.3,17,8,0,170.18,65.77,182.88,Orthodox,3.93,41.0,4.52,52.0,0.7,44.0,72.0,0.6
0,25,7,0,180.34,65.77,175.26,Orthodox,7.17,47.0,4.75,59.0,0.27,53.0,84.0,0.3,26,3,0,167.64,65.77,180.34,Orthodox,6.19,57.0,3.42,58.0,1.84,37.0,70.0,0.2
1,20,4,0,182.88,77.11,193.04,Switch,4.36,52.0,2.74,54.0,2.82,45.0,89.0,0.1,17,3,0,180.34,77.11,182.88,Orthodox,4.1,39.0,3.05,55.0,4.05,45.0,72.0,0.2
0,47,19,0,193.04,120.2,203.2,Orthodox,3.67,64.0,2.44,57.0,1.42,55.0,73.0,0.8,13,5,0,187.96,109.77,198.12,Orthodox,2.81,45.0,3.15,45.0,0.0,0.0,73.0,0.0
0,25,7,0,182.88,83.91,185.42,Orthodox,4.47,42.0,3.39,60.0,0.85,39.0,82.0,0.0,24,3,0,193.04,83.91,203.2,Switch,3.93,48.0,3.11,56.0,0.05,14.0,77.0,0.1
1,29,0,0,177.8,70.31,177.8,Orthodox,4.1,48.0,1.75,65.0,5.32,48.0,84.0,0.8,29,8,0,175.26,70.31,182.88,Southpaw,5.49,50.0,4.3,53.0,1.36,36.0,63.0,1.2
0,22,3,0,180.34,106.59,182.88,Orthodox,4.25,52.0,2.92,54.0,1.83,44.0,80.0,0.4,20,4,0,193.04,108.86,203.2,Orthodox,4.82,53.0,3.82,54.0,1.86,34.0,68.0,0.0
1,25,7,0,180.34,65.77,175.26,Orthodox,7.17,47.0,4.75,59.0,0.27,53.0,84.0,0.3,23,11,1,167.64,61.23,172.72,Orthodox,3.77,40.0,2.82,65.0,2.29,31.0,65.0,0.3
1,17,3,0,193.04,113.4,210.82,Orthodox,2.33,41.0,2.16,41.0,0.76,62.0,71.0,0.3,21,9,0,193.04,107.95,195.58,Orthodox,4.49,47.0,3.33,56.0,0.3,50.0,81.0,0.1
1,16,3,0,162.56,61.23,162.56,Orthodox,3.93,47.0,3.15,60.0,2.07,34.0,83.0,0.2,23,10,1,167.64,61.23,170.18,Orthodox,3.37,40.0,4.53,54.0,0.87,41.0,46.0,0.3
1,47,19,0,193.04,120.2,203.2,Orthodox,3.67,64.0,2.44,57.0,1.42,55.0,73.0,0.8,60,17,1,187.96,108.86,203.2,Orthodox,3.29,48.0,3.8,44.0,1.82,46.0,37.0,1.9
0,25,7,0,180.34,65.77,175.26,Orthodox,7.17,47.0,4.75,59.0,0.27,53.0,84.0,0.3,29,8,0,175.26,70.31,182.88,Southpaw,5.49,50.0,4.3,53.0,1.36,36.0,63.0,1.2
0,18,9,0,175.26,77.11,180.34,Southpaw,3.55,41.0,3.23,58.0,0.96,30.0,59.0,0.1,24,3,0,193.04,83.91,203.2,Switch,3.93,48.0,3.11,56.0,0.05,14.0,77.0,0.1
0,27,12,0,190.5,117.93,200.66,Orthodox,2.43,50.0,2.48,40.0,0.53,26.0,53.0,0.0,21,9,0,193.04,107.95,195.58,Orthodox,4.49,47.0,3.33,56.0,0.3,50.0,81.0,0.1
0,19,7,1,175.26,77.11,187.96,Orthodox,2.36,48.0,2.76,54.0,1.06,40.0,87.0,0.4,20,4,0,182.88,77.11,193.04,Switch,4.36,52.0,2.74,54.0,2.82,45.0,89.0,0.1
1,24,3,0,193.04,83.91,203.2,Switch,3.93,48.0,3.11,56.0,0.05,14.0,77.0,0.1,34,11,0,187.96,83.91,195.58,Southpaw,3.05,61.0,2.05,60.0,0.5,77.0,69.0,0.8
1,16,3,0,162.56,61.23,162.56,Orthodox,3.93,47.0,3.15,60.0,2.07,34.0,83.0,0.2,18,5,0,167.64,61.23,170.18,Orthodox,5.09,41.0,3.47,62.0,1.56,30.0,77.0,0.8
1,25,7,0,180.34,65.77,175.26,Orthodox,7.17,47.0,4.75,59.0,0.27,53.0,84.0,0.3,15,3,0,172.72,65.77,175.26,Switch,4.19,38.0,6.66,49.0,0.95,23.0,56.0,1.2
1,21,9,0,193.04,107.95,195.58,Orthodox,4.49,47.0,3.33,56.0,0.3,50.0,81.0,0.1,15,6,0,187.96,119.75,190.5,Southpaw,3.98,49.0,4.98,43.0,0.0,0.0,54.0,0.0
0,32,15,0,172.72,77.11,177.8,Southpaw,3.52,47.0,3.19,60.0,2.01,35.0,56.0,0.6,20,4,0,182.88,77.11,193.04,Switch,4.36,52.0,2.74,54.0,2.82,45.0,89.0,0.1
1,47,19,0,193.04,120.2,203.2,Orthodox,3.67,64.0,2.44,57.0,1.42,55.0,73.0,0.8,18,2,0,190.5,116.57,213.36,Southpaw,8.21,48.0,4.61,55.0,0.0,0.0,75.0,0.0
1,22,3,0,180.34,106.59,182.88,Orthodox,4.25,52.0,2.92,54.0,1.83,44.0,80.0,0.4,27,12,0,190.5,117.93,200.66,Orthodox,2.43,50.0,2.48,40.0,0.53,26.0,53.0,0.0
0,23,9,0,185.42,83.91,195.58,Southpaw,3.51,47.0,3.05,51.0,3.14,33.0,85.0,0.6,24,3,0,193.04,83.91,203.2,Switch,3.93,48.0,3.11,56.0,0.05,14.0,77.0,0.1
1,29,0,0,177.8,70.31,177.8,Orthodox,4.1,48.0,1.75,65.0,5.32,48.0,84.0,0.8,22,6,0,175.26,70.31,187.96,Southpaw,5.32,49.0,4.66,54.0,0.67,55.0,66.0,0.1
0,27,3,1,160.02,56.7,167.64,Orthodox,3.43,54.0,1.66,67.0,3.35,56.0,65.0,0.5,16,3,0,162.56,61.23,162.56,Orthodox,3.93,47.0,3.15,60.0,2.07,34.0,83.0,0.2
1,21,9,0,193.04,107.95,195.58,Orthodox,4.49,47.0,3.33,56.0,0.3,50.0,81.0,0.1,19,6,0,180.34,113.4,185.42,Southpaw,3.25,40.0,4.2,53.0,0.69,40.0,61.0,0.1
0,20,4,0,193.04,108.86,203.2,Orthodox,4.82,53.0,3.82,54.0,1.86,34.0,68.0,0.0,22,3,0,180.34,106.59,182.88,Orthodox,4.25,52.0,2.92,54.0,1.83,44.0,80.0,0.4
0,20,9,0,185.42,83.91,187.96,Orthodox,3.38,43.0,3.03,56.0,0.81,26.0,82.0,0.0,24,3,0,193.04,83.91,203.2,Switch,3.93,48.0,3.11,56.0,0.05,14.0,77.0,0.1
0,47,19,0,193.04,120.2,203.2,Orthodox,3.67,64.0,2.44,57.0,1.42,55.0,73.0,0.8,17,4,0,193.04,120.2,203.2,Orthodox,3.56,49.0,1.89,59.0,5.93,53.0,33.0,0.0
0,28,11,0,185.42,77.11,182.88,Southpaw,1.8,43.0,2.07,63.0,2.49,24.0,61.0,1.0,20,4,0,182.88,77.11,193.04,Switch,4.36,52.0,2.74,54.0,2.82,45.0,89.0,0.1
1,23,11,1,167.64,61.23,172.72,Orthodox,3.77,40.0,2.82,65.0,2.29,31.0,65.0,0.3,29,13,0,172.72,65.77,177.8,Orthodox,4.7,50.0,3.84,59.0,1.09,52.0,61.0,0.4
1,24,3,0,193.04,83.91,203.2,Switch,3.93,48.0,3.11,56.0,0.05,14.0,77.0,0.1,19,7,1,182.88,83.91,187.96,Southpaw,4.56,45.0,4.24,56.0,1.66,45.0,69.0,0.5
1,29,0,0,177.8,70.31,177.8,Orthodox,4.1,48.0,1.75,65.0,5.32,48.0,84.0,0.8,14,7,1,177.8,70.31,177.8,Orthodox,4.06,40.0,4.53,61.0,0.63,18.0,74.0,0.2
0,23,11,1,167.64,61.23,172.72,Orthodox,3.77,40.0,2.82,65.0,2.29,31.0,65.0,0.3,15,3,0,172.72,65.77,175.26,Switch,4.19,38.0,6.66,49.0,0.95,23.0,56.0,1.2
0,11,2,0,190.5,83.91,203.2,Orthodox,2.74,50.0,5.66,39.0,4.47,25.0,0.0,0.0,24,3,0,193.04,83.91,203.2,Switch,3.93,48.0,3.11,56.0,0.05,14.0,77.0,0.1
1,20,4,0,193.04,108.86,203.2,Orthodox,4.82,53.0,3.82,54.0,1.86,34.0,68.0,0.0,17,3,0,193.04,113.4,210.82,Orthodox,2.33,41.0,2.16,41.0,0.76,62.0,71.0,0.3
1,22,3,0,180.34,106.59,182.88,Orthodox,4.25,52.0,2.92,54.0,1.83,44.0,80.0,0.4,19,7,0,187.96,92.99,190.5,Orthodox,4.59,47.0,3.92,55.0,0.57,33.0,80.0,0.1
1,20,4,0,182.88,77.11,193.04,Switch,4.36,52.0,2.74,54.0,2.82,45.0,89.0,0.1,9,5,1,180.34,77.11,187.96,Switch,2.52,39.0,2.53,38.0,0.25,33.0,47.0,1.0
1,29,0,0,177.8,70.31,177.8,Orthodox,4.1,48.0,1.75,65.0,5.32,48.0,84.0,0.8,24,11,0,180.34,65.77,190.5,Orthodox,4.18,45.0,4.34,57.0,0.48,50.0,75.0,0.1
1,16,3,0,162.56,61.23,162.56,Orthodox,3.93,47.0,3.15,60.0,2.07,34.0,83.0,0.2,18,5,0,167.64,56.7,175.26,Orthodox,3.88,37.0,2.91,65.0,0.85,40.0,67.0,0.4
0,47,19,0,193.04,120.2,203.2,Orthodox,3.67,64.0,2.44,57.0,1.42,55.0,73.0,0.8,17,3,0,193.04,113.4,210.82,Orthodox,2.33,41.0,2.16,41.0,0.76,62.0,71.0,0.3
1,25,7,0,180.34,65.77,175.26,Orthodox,7.17,47.0,4.75,59.0,0.27,53.0,84.0,0.3,31,8,0,170.18,61.23,177.8,Orthodox,3.57,46.0,3.74,60.0,0.49,54.0,91.0,0.1
0,30,9,0,185.42,83.91,190.5,Orthodox,4.33,38.0,2.71,65.0,1.05,43.0,63.0,0.3,18,9,0,175.26,77.11,180.34,Southpaw,3.55,41.0,3.23,58.0,0.96,30.0,59.0,0.1
0,30,9,0,185.42,83.91,190.5,Orthodox,4.33,38.0,2.71,65.0,1.05,43.0,63.0,0.3,26,2,0,180.34,83.91,193.04,Orthodox,3.78,53.0,1.4,72.0,4.16,74.0,83.0,1.1
1,27,3,1,160.02,56.7,167.64,Orthodox,3.43,54.0,1.66,67.0,3.35,56.0,65.0,0.5,13,5,0,162.56,61.23,160.02,Orthodox,1.52,52.0,1.93,48.0,3.89,50.0,46.0,1.0
1,20,4,0,182.88,77.11,193.04,Switch,4.36,52.0,2.74,54.0,2.82,45.0,89.0,0.1,14,6,1,182.88,77.11,182.88,Orthodox,2.42,42.0,3.73,59.0,1.2,38.0,75.0,0.4
1,16,3,0,162.56,61.23,162.56,Orthodox,3.93,47.0,3.15,60.0,2.07,34.0,83.0,0.2,23,10,0,162.56,56.7,165.1,Southpaw,1.83,29.0,3.04,55.0,5.15,42.0,47.0,0.6
Draw,22,3,0,180.34,106.59,182.88,Orthodox,4.25,52.0,2.92,54.0,1.83,44.0,80.0,0.4,27,1,0,193.04,112.49,213.36,Orthodox,4.29,57.0,2.22,64.0,1.93,45.0,95.0,0.5
0,24,9,1,193.04,104.78,195.58,Orthodox,3.59,52.0,2.64,55.0,1.75,31.0,31.0,1.2,47,19,0,193.04,120.2,203.2,Orthodox,3.67,64.0,2.44,57.0,1.42,55.0,73.0,0.8
0,31,8,0,170.18,61.23,177.8,Orthodox,3.57,46.0,3.74,60.0,0.49,54.0,91.0,0.1,25,7,0,180.34,65.77,175.26,Orthodox,7.17,47.0,4.75,59.0,0.27,53.0,84.0,0.3
1,20,4,0,193.04,108.86,203.2,Orthodox,4.82,53.0,3.82,54.0,1.86,34.0,68.0,0.0,21,9,0,193.04,107.95,195.58,Orthodox,4.49,47.0,3.33,56.0,0.3,50.0,81.0,0.1
1,23,11,1,167.64,61.23,172.72,Orthodox,3.77,40.0,2.82,65.0,2.29,31.0,65.0,0.3,16,4,0,180.34,65.77,180.34,Orthodox,4.63,46.0,4.07,51.0,0.73,28.0,59.0,0.7
1,27,3,1,160.02,56.7,167.64,Orthodox,3.43,54.0,1.66,67.0,3.35,56.0,65.0,0.5,23,10,0,162.56,56.7,165.1,Southpaw,1.83,29.0,3.04,55.0,5.15,42.0,47.0,0.6
1,20,4,0,182.88,77.11,193.04,Switch,4.36,52.0,2.74,54.0,2.82,45.0,89.0,0.1,28,5,0,185.42,83.91,193.04,Orthodox,5.82,41.0,4.24,63.0,0.92,64.0,84.0,0.2
1,22,3,0,180.34,106.59,182.88,Orthodox,4.25,52.0,2.92,54.0,1.83,44.0,80.0,0.4,22,6,0,187.96,92.99,198.12,Orthodox,3.25,47.0,1.83,60.0,2.43,57.0,77.0,0.6
1,47,19,0,193.04,120.2,203.2,Orthodox,3.67,64.0,2.44,57.0,1.42,55.0,73.0,0.8,13,14,1,177.8,120.2,182.88,Orthodox,2.81,43.0,2.9,51.0,0.51,55.0,64.0,0.2
0,24,4,0,172.72,61.23,172.72,Orthodox,3.91,33.0,2.61,70.0,2.82,42.0,83.0,0.1,13,5,0,172.72,61.23,165.1,Orthodox,3.0,40.0,3.89,61.0,1.13,34.0,78.0,0.0
1,25,7,0,180.34,65.77,175.26,Orthodox,7.17,47.0,4.75,59.0,0.27,53.0,84.0,0.3,24,10,0,177.8,70.31,182.88,Orthodox,3.05,47.0,3.44,54.0,0.61,50.0,60.0,1.1
1,27,3,1,160.02,56.7,167.64,Orthodox,3.43,54.0,1.66,67.0,3.35,56.0,65.0,0.5,20,13,1,170.18,56.7,167.64,Southpaw,3.41,44.0,2.67,56.0,3.73,47.0,59.0,1.0
1,28,8,0,162.56,56.7,165.1,Southpaw,3.52,34.0,2.67,61.0,1.41,30.0,62.0,0.6,16,3,0,162.56,61.23,162.56,Orthodox,3.93,47.0,3.15,60.0,2.07,34.0,83.0,0.2
0,15,7,0,180.34,83.91,182.88,Orthodox,3.25,48.0,4.21,50.0,1.35,50.0,80.0,0.9,20,4,0,182.88,77.11,193.04,Switch,4.36,52.0,2.74,54.0,2.82,45.0,89.0,0.1
1,29,0,0,177.8,70.31,177.8,Orthodox,4.1,48.0,1.75,65.0,5.32,48.0,84.0,0.8,22,19,0,177.8,70.31,185.42,Southpaw,4.28,39.0,3.91,58.0,0.46,38.0,80.0,0.1
1,23,11,1,167.64,61.23,172.72,Orthodox,3.77,40.0,2.82,65.0,2.29,31.0,65.0,0.3,28,19,0,175.26,65.77,180.34,Orthodox,3.17,40.0,3.05,58.0,1.16,38.0,65.0,0.4
0,29,6,0,175.26,70.31,175.26,Orthodox,4.32,41.0,4.39,55.0,2.92,36.0,92.0,0.5,22,6,0,175.26,70.31,187.96,Southpaw,5.32,49.0,4.66,54.0,0.67,55.0,66.0,0.1
1,30,9,0,185.42,83.91,190.5,Orthodox,4.33,38.0,2.71,65.0,1.05,43.0,63.0,0.3,32,15,0,180.34,83.91,187.96,Orthodox,2.44,47.0,2.7,51.0,1.52,52.0,57.0,0.3
1,20,4,0,193.04,108.86,203.2,Orthodox,4.82,53.0,3.82,54.0,1.86,34.0,68.0,0.0,47,19,0,193.04,120.2,203.2,Orthodox,3.67,64.0,2.44,57.0,1.42,55.0,73.0,0.8
0,22,13,0,182.88,77.11,193.04,Southpaw,4.57,45.0,3.77,52.0,1.05,30.0,41.0,1.3,22,6,0,175.26,70.31,187.96,Southpaw,5.32,49.0,4.66,54.0,0.67,55.0,66.0,0.1
1,20,4,0,182.88,77.11,193.04,Switch,4.36,52.0,2.74,54.0,2.82,45.0,89.0,0.1,24,10,1,190.5,70.31,187.96,Southpaw,1.74,47.0,2.41,58.0,1.66,35.0,72.0,0.1
1,31,8,0,170.18,61.23,177.8,Orthodox,3.57,46.0,3.74,60.0,0.49,54.0,91.0,0.1,23,11,1,167.64,61.23,172.72,Orthodox,3.77,40.0,2.82,65.0,2.29,31.0,65.0,0.3
1,22,3,0,180.34,106.59,182.88,Orthodox,4.25,52.0,2.92,54.0,1.83,44.0,80.0,0.4,34,11,0,187.96,83.91,195.58,Southpaw,3.05,61.0,2.05,60.0,0.5,77.0,69.0,0.8
0,16,6,0,190.5,83.91,195.58,Southpaw,4.1,49.0,2.68,53.0,0.7,29.0,65.0,1.0,30,9,0,185.42,83.91,190.5,Orthodox,4.33,38.0,2.71,65.0,1.05,43.0,63.0,0.3
1,25,7,0,180.34,65.77,175.26,Orthodox,7.17,47.0,4.75,59.0,0.27,53.0,84.0,0.3,20,8,0,172.72,65.77,180.34,Orthodox,3.13,47.0,2.87,57.0,1.84,33.0,46.0,0.9
1,32,15,0,180.34,83.91,187.96,Orthodox,2.44,47.0,2.7,51.0,1.52,52.0,57.0,0.3,34,10,1,175.26,83.91,180.34,Southpaw,3.02,46.0,3.35,53.0,1.69,48.0,77.0,0.5
1,24,4,0,172.72,61.23,172.72,Orthodox,3.91,33.0,2.61,70.0,2.82,42.0,83.0,0.1,35,11,0,167.64,61.23,170.18,Orthodox,2.65,40.0,2.59,64.0,1.54,30.0,58.0,0.8
0,24,9,1,193.04,104.78,195.58,Orthodox,3.59,52.0,2.64,55.0,1.75,31.0,31.0,1.2,20,4,0,193.04,108.86,203.2,Orthodox,4.82,53.0,3.82,54.0,1.86,34.0,68.0,0.0
1,47,19,0,193.04,120.2,203.2,Orthodox,3.67,64.0,2.44,57.0,1.42,55.0,73.0,0.8,34,22,0,190.5,108.86,195.58,Orthodox,3.78,45.0,3.2,57.0,0.39,36.0,76.0,0.2
1,27,3,1,160.02,56.7,167.64,Orthodox,3.43,54.0,1.66,67.0,3.35,56.0,65.0,0.5,16,3,0,162.56,61.23,162.56,Orthodox,3.93,47.0,3.15,60.0,2.07,34.0,83.0,0.2
1,29,0,0,177.8,70.31,177.8,Orthodox,4.1,48.0,1.75,65.0,5.32,48.0,84.0,0.8,13,4,0,177.8,70.31,177.8,Southpaw,2.05,44.0,4.21,39.0,0.35,50.0,47.0,0.7
0,39,14,0,193.04,120.2,198.12,Orthodox,3.71,42.0,4.63,47.0,0.68,34.0,70.0,0.4,21,9,0,193.04,107.95,195.58,Orthodox,4.49,47.0,3.33,56.0,0.3,50.0,81.0,0.1
0,22,6,0,175.26,70.31,187.96,Southpaw,5.32,49.0,4.66,54.0,0.67,55.0,66.0,0.1,22,13,0,182.88,77.11,193.04,Southpaw,4.57,45.0,3.77,52.0,1.05,30.0,41.0,1.3
0,34,11,0,187.96,83.91,195.58,Southpaw,3.05,61.0,2.05,60.0,0.5,77.0,69.0,0.8,30,9,0,185.42,83.91,190.5,Orthodox,4.33,38.0,2.71,65.0,1.05,43.0,63.0,0.3
0,18,5,0,167.64,61.23,170.18,Orthodox,5.09,41.0,3.47,62.0,1.56,30.0,77.0,0.8,24,4,0,172.72,61.23,172.72,Orthodox,3.91,33.0,2.61,70.0,2.82,42.0,83.0,0.1
1,20,4,0,193.04,108.86,203.2,Orthodox,4.82,53.0,3.82,54.0,1.86,34.0,68.0,0.0,34,22,0,190.5,108.86,195.58,Orthodox,3.78,45.0,3.2,57.0,0.39,36.0,76.0,0.2
0,21,9,0,193.04,107.95,195.58,Orthodox,4.49,47.0,3.33,56.0,0.3,50.0,81.0,0.1,47,19,0,193.04,120.2,203.2,Orthodox,3.67,64.0,2.44,57.0,1.42,55.0,73.0,0.8
1,20,4,0,182.88,77.11,193.04,Switch,4.36,52.0,2.74,54.0,2.82,45.0,89.0,0.1,21,3,0,187.96,77.11,187.96,Southpaw,2.8,53.0,2.4,53.0,1.26,33.0,69.0,0.3
0,31,8,0,170.18,61.23,177.8,Orthodox,3.57,46.0,3.74,60.0,0.49,54.0,91.0,0.1,22,6,0,175.26,70.31,187.96,Southpaw,5.32,49.0,4.66,54.0,0.67,55.0,66.0,0.1
1,25,7,0,180.34,65.77,175.26,Orthodox,7.17,47.0,4.75,59.0,0.27,53.0,84.0,0.3,28,19,0,175.26,65.77,180.34,Orthodox,3.17,40.0,3.05,58.0,1.16,38.0,65.0,0.4
1,23,11,1,167.64,61.23,172.72,Orthodox,3.77,40.0,2.82,65.0,2.29,31.0,65.0,0.3,18,5,0,167.64,65.77,167.64,Orthodox,2.78,49.0,2.35,67.0,4.13,55.0,100.0,0.3
0,23,8,0,165.1,56.7,170.18,Orthodox,1.42,39.0,2.34,64.0,1.82,35.0,87.0,0.6,16,3,0,162.56,61.23,162.56,Orthodox,3.93,47.0,3.15,60.0,2.07,34.0,83.0,0.2
1,26,14,0,182.88,83.91,187.96,Southpaw,1.59,46.0,2.83,50.0,1.02,60.0,53.0,0.6,32,15,0,180.34,83.91,187.96,Orthodox,2.44,47.0,2.7,51.0,1.52,52.0,57.0,0.3
1,22,3,0,180.34,106.59,182.88,Orthodox,4.25,52.0,2.92,54.0,1.83,44.0,80.0,0.4,18,8,0,195.58,92.99,200.66,Orthodox,4.03,40.0,3.53,51.0,1.53,39.0,83.0,0.4
1,27,3,1,160.02,56.7,167.64,Orthodox,3.43,54.0,1.66,67.0,3.35,56.0,65.0,0.5,22,12,0,160.02,61.23,167.64,Orthodox,3.2,40.0,3.58,61.0,0.71,28.0,82.0,0.0
1,25,7,0,180.34,65.77,175.26,Orthodox,7.17,47.0,4.75,59.0,0.27,53.0,84.0,0.3,34,9,0,177.8,70.31,187.96,Orthodox,3.54,53.0,3.19,51.0,2.32,40.0,55.0,2.7
1,33,13,0,210.82,120.2,213.36,Orthodox,3.12,47.0,4.04,46.0,0.56,46.0,55.0,1.7,34,10,1,190.5,108.86,195.58,Orthodox,1.95,42.0,2.4,55.0,1.3,29.0,36.0,2.4
1,30,9,0,185.42,83.91,190.5,Orthodox,4.33,38.0,2.71,65.0,1.05,43.0,63.0,0.3,28,9,0,185.42,83.91,198.12,Orthodox,2.13,40.0,2.99,52.0,2.1,27.0,30.0,1.1
1,20,4,0,182.88,77.11,193.04,Switch,4.36,52.0,2.74,54.0,2.82,45.0,89.0,0.1,6,3,0,177.8,77.11,,,2.11,46.0,3.16,48.0,0.0,0.0,25.0,0.0
0,18,5,0,167.64,65.77,167.64,Orthodox,2.78,49.0,2.35,67.0,4.13,55.0,100.0,0.3,22,6,0,175.26,70.31,187.96,Southpaw,5.32,49.0,4.66,54.0,0.67,55.0,66.0,0.1
1,16,3,0,162.56,61.23,162.56,Orthodox,3.93,47.0,3.15,60.0,2.07,34.0,83.0,0.2,17,7,0,167.64,56.7,167.64,Orthodox,2.58,41.0,2.46,64.0,0.77,40.0,72.0,0.4
0,21,13,0,182.88,83.91,187.96,Orthodox,2.93,50.0,2.9,57.0,1.45,34.0,59.0,0.8,32,15,0,180.34,83.91,187.96,Orthodox,2.44,47.0,2.7,51.0,1.52,52.0,57.0,0.3
0,22,6,0,187.96,92.99,198.12,Orthodox,3.25,47.0,1.83,60.0,2.43,57.0,77.0,0.6,22,3,0,180.34,106.59,182.88,Orthodox,4.25,52.0,2.92,54.0,1.83,44.0,80.0,0.4
1,23,11,1,167.64,61.23,172.72,Orthodox,3.77,40.0,2.82,65.0,2.29,31.0,65.0,0.3,35,11,0,167.64,61.23,170.18,Orthodox,2.65,40.0,2.59,64.0,1.54,30.0,58.0,0.8
1,20,4,0,193.04,108.86,203.2,Orthodox,4.82,53.0,3.82,54.0,1.86,34.0,68.0,0.0,13,14,1,177.8,120.2,182.88,Orthodox,2.81,43.0,2.9,51.0,0.51,55.0,64.0,0.2
1,27,3,1,160.02,56.7,167.64,Orthodox,3.43,54.0,1.66,67.0,3.35,56.0,65.0,0.5,19,2,0,165.1,56.7,167.64,Orthodox,3.6,45.0,2.45,62.0,2.0,44.0,55.0,0.0
1,30,9,0,185.42,83.91,190.5,Orthodox,4.33,38.0,2.71,65.0,1.05,43.0,63.0,0.3,17,9,0,187.96,83.91,193.04,Orthodox,2.65,47.0,2.58,54.0,3.55,54.0,62.0,1.2
0,29,13,0,172.72,65.77,177.8,Orthodox,4.7,50.0,3.84,59.0,1.09,52.0,61.0,0.4,25,7,0,180.34,65.77,175.26,Orthodox,7.17,47.0,4.75,59.0,0.27,53.0,84.0,0.3
0,17,8,0,160.02,56.7,162.56,Southpaw,3.35,43.0,2.23,61.0,1.11,39.0,57.0,0.8,16,3,0,162.56,61.23,162.56,Orthodox,3.93,47.0,3.15,60.0,2.07,34.0,83.0,0.2
0,22,14,0,182.88,119.29,185.42,Orthodox,2.18,36.0,4.79,46.0,1.14,27.0,65.0,0.1,47,19,0,193.04,120.2,203.2,Orthodox,3.67,64.0,2.44,57.0,1.42,55.0,73.0,0.8
1,25,7,0,180.34,65.77,175.26,Orthodox,7.17,47.0,4.75,59.0,0.27,53.0,84.0,0.3,21,11,0,185.42,65.77,185.42,Orthodox,3.0,33.0,3.88,59.0,0.6,36.0,38.0,1.8
0,32,15,0,180.34,83.91,187.96,Orthodox,2.44,47.0,2.7,51.0,1.52,52.0,57.0,0.3,42,6,2,187.96,83.91,193.04,Orthodox,3.75,50.0,1.21,68.0,1.59,60.0,59.0,1.1
1,22,6,0,175.26,70.31,187.96,Southpaw,5.32,49.0,4.66,54.0,0.67,55.0,66.0,0.1,23,11,0,167.64,65.77,177.8,Orthodox,3.87,32.0,2.67,65.0,0.87,32.0,65.0,0.3
1,27,1,0,193.04,112.49,213.36,Orthodox,4.29,57.0,2.22,64.0,1.93,45.0,95.0,0.5,22,3,0,180.34,106.59,182.88,Orthodox,4.25,52.0,2.92,54.0,1.83,44.0,80.0,0.4
1,47,19,0,193.04,120.2,203.2,Orthodox,3.67,64.0,2.44,57.0,1.42,55.0,73.0,0.8,33,13,0,210.82,120.2,213.36,Orthodox,3.12,47.0,4.04,46.0,0.56,46.0,55.0,1.7
1,21,9,0,193.04,107.95,195.58,Orthodox,4.49,47.0,3.33,56.0,0.3,50.0,81.0,0.1,20,4,0,193.04,108.86,203.2,Orthodox,4.82,53.0,3.82,54.0,1.86,34.0,68.0,0.0
1,16,3,0,162.56,61.23,162.56,Orthodox,3.93,47.0,3.15,60.0,2.07,34.0,83.0,0.2,11,3,0,170.18,61.23,180.34,Orthodox,1.33,21.0,3.82,51.0,0.93,37.0,50.0,2.2
1,23,11,1,167.64,61.23,172.72,Orthodox,3.77,40.0,2.82,65.0,2.29,31.0,65.0,0.3,29,13,0,172.72,65.77,177.8,Orthodox,4.7,50.0,3.84,59.0,1.09,52.0,61.0,0.4
1,16,6,0,190.5,83.91,195.58,Southpaw,4.1,49.0,2.68,53.0,0.7,29.0,65.0,1.0,30,9,0,185.42,83.91,190.5,Orthodox,4.33,38.0,2.71,65.0,1.05,43.0,63.0,0.3
0,12,6,0,172.72,65.77,172.72,Orthodox,3.25,45.0,4.91,50.0,0.7,28.0,86.0,0.0,25,7,0,180.34,65.77,175.26,Orthodox,7.17,47.0,4.75,59.0,0.27,53.0,84.0,0.3
0,29,8,0,175.26,70.31,182.88,Southpaw,5.49,50.0,4.3,53.0,1.36,36.0,63.0,1.2,22,6,0,175.26,70.31,187.96,Southpaw,5.32,49.0,4.66,54.0,0.67,55.0,66.0,0.1
1,27,3,1,160.02,56.7,167.64,Orthodox,3.43,54.0,1.66,67.0,3.35,56.0,65.0,0.5,17,8,0,160.02,56.7,162.56,Southpaw,3.35,43.0,2.23,61.0,1.11,39.0,57.0,0.8
1,24,4,0,172.72,61.23,172.72,Orthodox,3.91,33.0,2.61,70.0,2.82,42.0,83.0,0.1,21,11,2,170.18,61.23,175.26,Orthodox,3.37,37.0,3.27,57.0,1.46,57.0,70.0,0.1
0,47,19,0,193.04,120.2,203.2,Orthodox,3.67,64.0,2.44,57.0,1.42,55.0,73.0,0.8,39,14,0,193.04,120.2,198.12,Orthodox,3.71,42.0,4.63,47.0,0.68,34.0,70.0,0.4
1,25,7,0,180.34,65.77,175.26,Orthodox,7.17,47.0,4.75,59.0,0.27,53.0,84.0,0.3,14,7,0,180.34,65.77,185.42,Orthodox,4.22,32.0,5.0,50.0,2.81,39.0,71.0,0.5
1,30,9,0,185.42,83.91,190.5,Orthodox,4.33,38.0,2.71,65.0,1.05,43.0,63.0,0.3,9,3,0,175.26,83.91,177.8,Southpaw,4.36,48.0,2.98,66.0,1.37,71.0,88.0,0.3
1,22,6,0,175.26,70.31,187.96,Southpaw,5.32,49.0,4.66,54.0,0.67,55.0,66.0,0.1,22,11,0,170.18,65.77,162.56,Orthodox,2.94,47.0,3.38,62.0,3.21,68.0,80.0,0.6
1,23,11,1,167.64,61.23,172.72,Orthodox,3.77,40.0,2.82,65.0,2.29,31.0,65.0,0.3,16,14,2,175.26,70.31,177.8,Orthodox,2.76,48.0,3.2,56.0,1.19,55.0,74.0,0.5
1,27,3,1,160.02,56.7,167.64,Orthodox,3.43,54.0,1.66,67.0,3.35,56.0,65.0,0.5,15,6,0,162.56,56.7,165.1,Orthodox,2.85,42.0,3.09,52.0,2.51,36.0,65.0,0.3
1,20,4,0,193.04,108.86,203.2,Orthodox,4.82,53.0,3.82,54.0,1.86,34.0,68.0,0.0,23,11,0,185.42,92.99,190.5,Orthodox,5.29,58.0,4.31,53.0,0.44,57.0,61.0,0.6
1,22,3,0,180.34,106.59,182.88,Orthodox,4.25,52.0,2.92,54.0,1.83,44.0,80.0,0.4,32,15,0,180.34,83.91,187.96,Orthodox,2.44,47.0,2.7,51.0,1.52,52.0,57.0,0.3
1,25,7,0,180.34,65.77,175.26,Orthodox,7.17,47.0,4.75,59.0,0.27,53.0,84.0,0.3,22,10,0,180.34,65.77,187.96,Orthodox,3.83,37.0,4.13,51.0,2.22,47.0,69.0,0.3
0,32,15,0,172.72,77.11,177.8,Southpaw,3.52,47.0,3.19,60.0,2.01,35.0,56.0,0.6,29,0,0,177.8,70.31,177.8,Orthodox,4.1,48.0,1.75,65.0,5.32,48.0,84.0,0.8
0,30,9,0,185.42,83.91,190.5,Orthodox,4.33,38.0,2.71,65.0,1.05,43.0,63.0,0.3,18,6,0,180.34,83.91,187.96,Orthodox,2.78,47.0,1.84,62.0,2.58,35.0,70.0,0.7
0,34,10,1,190.5,108.86,195.58,Orthodox,1.95,42.0,2.4,55.0,1.3,29.0,36.0,2.4,22,14,0,182.88,119.29,185.42,Orthodox,2.18,36.0,4.79,46.0,1.14,27.0,65.0,0.1
0,27,14,1,185.42,92.99,193.04,Orthodox,3.57,50.0,2.79,54.0,2.01,48.0,49.0,0.7,32,15,0,180.34,83.91,187.96,Orthodox,2.44,47.0,2.7,51.0,1.52,52.0,57.0,0.3
1,22,3,0,180.34,106.59,182.88,Orthodox,4.25,52.0,2.92,54.0,1.83,44.0,80.0,0.4,10,7,0,187.96,92.99,193.04,Orthodox,4.26,50.0,3.35,55.0,4.49,41.0,28.0,0.1
0,18,11,0,190.5,119.75,200.66,Southpaw,2.18,47.0,3.84,38.0,2.02,40.0,54.0,2.0,47,19,0,193.04,120.2,203.2,Orthodox,3.67,64.0,2.44,57.0,1.42,55.0,73.0,0.8
1,20,4,0,193.04,108.86,203.2,Orthodox,4.82,53.0,3.82,54.0,1.86,34.0,68.0,0.0,17,11,0,187.96,109.77,193.04,Orthodox,2.12,45.0,2.94,57.0,2.8,39.0,66.0,1.1
1,25,7,0,180.34,65.77,175.26,Orthodox,7.17,47.0,4.75,59.0,0.27,53.0,84.0,0.3,34,13,0,193.04,65.77,,Switch,4.43,27.0,9.93,46.0,0.0,0.0,0.0,0.0
1,27,3,1,160.02,56.7,167.64,Orthodox,3.43,54.0,1.66,67.0,3.35,56.0,65.0,0.5,28,8,0,162.56,56.7,165.1,Southpaw,3.52,34.0,2.67,61.0,1.41,30.0,62.0,0.6
1,26,2,0,180.34,83.91,193.04,Orthodox,3.78,53.0,1.4,72.0,4.16,74.0,83.0,1.1,18,8,0,175.26,83.91,175.26,Southpaw,3.49,45.0,3.99,53.0,3.83,46.0,63.0,0.3
1,26,14,0,182.88,83.91,187.96,Southpaw,1.59,46.0,2.83,50.0,1.02,60.0,53.0,0.6,32,15,0,180.34,83.91,187.96,Orthodox,2.44,47.0,2.7,51.0,1.52,52.0,57.0,0.3
1,14,3,0,185.42,108.86,195.58,Orthodox,6.37,57.0,2.33,57.0,5.13,45.0,85.0,0.4,21,9,0,193.04,107.95,195.58,Orthodox,4.49,47.0,3.33,56.0,0.3,50.0,81.0,0.1
1,22,3,0,180.34,106.59,182.88,Orthodox,4.25,52.0,2.92,54.0,1.83,44.0,80.0,0.4,22,14,0,182.88,119.29,185.42,Orthodox,2.18,36.0,4.79,46.0,1.14,27.0,65.0,0.1
0,34,23,0,182.88,70.31,182.88,Orthodox,2.57,36.0,2.57,50.0,3.08,37.0,55.0,1.1,29,0,0,177.8,70.31,177.8,Orthodox,4.1,48.0,1.75,65.0,5.32,48.0,84.0,0.8
0,47,19,0,193.04,120.2,203.2,Orthodox,3.67,64.0,2.44,57.0,1.42,55.0,73.0,0.8,18,7,1,198.12,115.67,200.66,Orthodox,2.93,41.0,4.31,42.0,1.21,68.0,75.0,0.2
1,22,6,0,175.26,70.31,187.96,Southpaw,5.32,49.0,4.66,54.0,0.67,55.0,66.0,0.1,25,7,0,180.34,65.77,175.26,Orthodox,7.17,47.0,4.75,59.0,0.27,53.0,84.0,0.3
1,27,3,1,160.02,56.7,167.64,Orthodox,3.43,54.0,1.66,67.0,3.35,56.0,65.0,0.5,19,7,0,167.64,56.7,167.64,Orthodox,2.57,43.0,2.55,56.0,0.62,23.0,44.0,1.1
1,23,11,1,167.64,61.23,172.72,Orthodox,3.77,40.0,2.82,65.0,2.29,31.0,65.0,0.3,34,9,0,177.8,70.31,187.96,Orthodox,3.54,53.0,3.19,51.0,2.32,40.0,55.0,2.7
0,22,14,0,182.88,119.29,185.42,Orthodox,2.18,36.0,4.79,46.0,1.14,27.0,65.0,0.1,20,4,0,193.04,108.86,203.2,Orthodox,4.82,53.0,3.82,54.0,1.86,34.0,68.0,0.0
1,19,8,1,182.88,92.99,190.5,Orthodox,2.14,37.0,2.42,63.0,2.98,44.0,73.0,0.0,32,15,0,180.34,83.91,187.96,Orthodox,2.44,47.0,2.7,51.0,1.52,52.0,57.0,0.3
0,34,10,1,190.5,108.86,195.58,Orthodox,1.95,42.0,2.4,55.0,1.3,29.0,36.0,2.4,24,9,1,193.04,104.78,195.58,Orthodox,3.59,52.0,2.64,55.0,1.75,31.0,31.0,1.2
1,21,9,0,193.04,107.95,195.58,Orthodox,4.49,47.0,3.33,56.0,0.3,50.0,81.0,0.1,13,14,1,177.8,120.2,182.88,Orthodox,2.81,43.0,2.9,51.0,0.51,55.0,64.0,0.2
1,17,9,0,167.64,70.31,167.64,Orthodox,4.42,46.0,3.07,59.0,3.89,40.0,82.0,1.1,25,7,0,180.34,65.77,175.26,Orthodox,7.17,47.0,4.75,59.0,0.27,53.0,84.0,0.3
1,29,0,0,177.8,70.31,177.8,Orthodox,4.1,48.0,1.75,65.0,5.32,48.0,84.0,0.8,15,8,0,172.72,70.31,177.8,Orthodox,2.65,41.0,2.31,59.0,2.18,45.0,40.0,0.4
1,30,9,0,185.42,83.91,190.5,Orthodox,4.33,38.0,2.71,65.0,1.05,43.0,63.0,0.3,18,8,0,187.96,83.91,190.5,Orthodox,2.7,41.0,3.1,59.0,0.44,26.0,55.0,0.9
0,18,11,0,190.5,119.75,200.66,Southpaw,2.18,47.0,3.84,38.0,2.02,40.0,54.0,2.0,22,3,0,180.34,106.59,182.88,Orthodox,4.25,52.0,2.92,54.0,1.83,44.0,80.0,0.4
0,7,7,0,162.56,61.23,180.34,Southpaw,3.97,35.0,3.64,56.0,0.56,100.0,80.0,0.0,22,6,0,175.26,70.31,187.96,Southpaw,5.32,49.0,4.66,54.0,0.67,55.0,66.0,0.1
1,26,2,0,180.34,83.91,193.04,Orthodox,3.78,53.0,1.4,72.0,4.16,74.0,83.0,1.1,26,10,0,185.42,77.11,193.04,Southpaw,5.71,42.0,3.84,59.0,1.28,32.0,60.0,1.0
1,24,8,0,185.42,83.91,187.96,Southpaw,2.59,53.0,1.57,61.0,1.21,65.0,75.0,0.4,32,15,0,180.34,83.91,187.96,Orthodox,2.44,47.0,2.7,51.0,1.52,52.0,57.0,0.3
1,31,8,0,170.18,61.23,177.8,Orthodox,3.57,46.0,3.74,60.0,0.49,54.0,91.0,0.1,23,11,1,167.64,61.23,172.72,Orthodox,3.77,40.0,2.82,65.0,2.29,31.0,65.0,0.3
0,47,19,0,193.04,120.2,203.2,Orthodox,3.67,64.0,2.44,57.0,1.42,55.0,73.0,0.8,19,12,1,193.04,119.75,208.28,Orthodox,2.89,45.0,3.09,50.0,0.82,29.0,66.0,0.8
1,27,3,1,160.02,56.7,167.64,Orthodox,3.43,54.0,1.66,67.0,3.35,56.0,65.0,0.5,22,12,0,160.02,61.23,167.64,Orthodox,3.2,40.0,3.58,61.0,0.71,28.0,82.0,0.0
1,26,14,0,182.88,83.91,187.96,Southpaw,1.59,46.0,2.83,50.0,1.02,60.0,53.0,0.6,30,9,0,185.42,83.91,190.5,Orthodox,4.33,38.0,2.71,65.0,1.05,43.0,63.0,0.3
0,21,7,1,170.18,65.77,177.8,Orthodox,2.0,40.0,2.31,62.0,3.83,42.0,62.0,1.5,29,0,0,177.8,70.31,177.8,Orthodox,4.1,48.0,1.75,65.0,5.32,48.0,84.0,0.8
0,21,9,0,193.04,107.95,195.58,Orthodox,4.49,47.0,3.33,56.0,0.3,50.0,81.0,0.1,14,3,0,185.42,108.86,195.58,Orthodox,6.37,57.0,2.33,57.0,5.13,45.0,85.0,0.4
0,18,13,1,177.8,65.77,172.72,Orthodox,2.77,24.0,4.79,52.0,0.3,26.0,42.0,0.5,25,7,0,180.34,65.77,175.26,Orthodox,7.17,47.0,4.75,59.0,0.27,53.0,84.0,0.3
1,26,2,0,180.34,83.91,193.04,Orthodox,3.78,53.0,1.4,72.0,4.16,74.0,83.0,1.1,32,14,0,187.96,77.11,190.5,Orthodox,3.66,39.0,2.67,55.0,0.59,46.0,38.0,1.0
1,34,10,1,190.5,108.86,195.58,Orthodox,1.95,42.0,2.4,55.0,1.3,29.0,36.0,2.4,22,6,0,193.04,109.77,195.58,Orthodox,4.98,60.0,3.78,48.0,1.49,100.0,58.0,0.0
1,33,13,0,210.82,120.2,213.36,Orthodox,3.12,47.0,4.04,46.0,0.56,46.0,55.0,1.7,20,4,0,193.04,108.86,203.2,Orthodox,4.82,53.0,3.82,54.0,1.86,34.0,68.0,0.0
0,28,8,0,162.56,56.7,165.1,Southpaw,3.52,34.0,2.67,61.0,1.41,30.0,62.0,0.6,27,3,1,160.02,56.7,167.64,Orthodox,3.43,54.0,1.66,67.0,3.35,56.0,65.0,0.5
1,30,9,0,185.42,83.91,190.5,Orthodox,4.33,38.0,2.71,65.0,1.05,43.0,63.0,0.3,12,6,0,185.42,92.99,187.96,Orthodox,3.28,42.0,2.65,59.0,0.12,12.0,60.0,0.3
0,10,4,0,172.72,65.77,170.18,Orthodox,3.84,35.0,2.83,67.0,0.72,28.0,73.0,0.0,25,7,0,180.34,65.77,175.26,Orthodox,7.17,47.0,4.75,59.0,0.27,53.0,84.0,0.3
1,24,7,0,175.26,77.11,177.8,Southpaw,2.93,45.0,1.79,63.0,2.4,45.0,63.0,0.8,23,11,1,167.64,61.23,172.72,Orthodox,3.77,40.0,2.82,65.0,2.29,31.0,65.0,0.3
0,33,14,0,177.8,70.31,180.34,Southpaw,1.95,31.0,2.51,63.0,4.08,53.0,92.0,0.8,29,0,0,177.8,70.31,177.8,Orthodox,4.1,48.0,1.75,65.0,5.32,48.0,84.0,0.8
1,27,3,1,160.02,56.7,167.64,Orthodox,3.43,54.0,1.66,67.0,3.35,56.0,65.0,0.5,13,5,1,165.1,56.7,162.56,Orthodox,3.59,39.0,3.25,67.0,2.08,30.0,88.0,0.0
1,25,7,0,180.34,65.77,175.26,Orthodox,7.17,47.0,4.75,59.0,0.27,53.0,84.0,0.3,5,2,0,172.72,65.77,,Orthodox,1.87,26.0,8.24,52.0,0.0,0.0,0.0,0.0
1,20,4,0,193.04,108.86,203.2,Orthodox,4.82,53.0,3.82,54.0,1.86,34.0,68.0,0.0,11,2,0,193.04,113.4,,Southpaw,3.93,60.0,2.97,54.0,1.2,40.0,16.0,2.4
1,21,9,0,193.04,107.95,195.58,Orthodox,4.49,47.0,3.33,56.0,0.3,50.0,81.0,0.1,18,11,0,190.5,119.75,200.66,Southpaw,2.18,47.0,3.84,38.0,2.02,40.0,54.0,2.0
Draw,27,3,1,160.02,56.7,167.64,Orthodox,3.43,54.0,1.66,67.0,3.35,56.0,65.0,0.5,13,5,1,165.1,56.7,162.56,Orthodox,3.59,39.0,3.25,67.0,2.08,30.0,88.0,0.0
0,23,11,1,167.64,61.23,172.72,Orthodox,3.77,40.0,2.82,65.0,2.29,31.0,65.0,0.3,24,7,0,175.26,77.11,177.8,Southpaw,2.93,45.0,1.79,63.0,2.4,45.0,63.0,0.8
1,20,4,0,193.04,108.86,203.2,Orthodox,4.82,53.0,3.82,54.0,1.86,34.0,68.0,0.0,12,6,0,195.58,113.4,200.66,Orthodox,2.3,47.0,3.0,37.0,3.29,42.0,100.0,0.6
1,29,8,0,175.26,70.31,182.88,Southpaw,5.49,50.0,4.3,53.0,1.36,36.0,63.0,1.2,25,7,0,180.34,65.77,175.26,Orthodox,7.17,47.0,4.75,59.0,0.27,53.0,84.0,0.3
1,29,15,1,185.42,92.99,185.42,Southpaw,3.08,43.0,1.1,62.0,3.81,59.0,66.0,0.4,30,9,0,185.42,83.91,190.5,Orthodox,4.33,38.0,2.71,65.0,1.05,43.0,63.0,0.3
0,9,5,2,172.72,70.31,172.72,Orthodox,3.06,32.0,2.99,70.0,2.07,50.0,80.0,0.0,29,0,0,177.8,70.31,177.8,Orthodox,4.1,48.0,1.75,65.0,5.32,48.0,84.0,0.8
0,5,3,0,190.5,120.2,205.74,Orthodox,3.53,72.0,2.11,50.0,3.9,55.0,60.0,0.5,47,19,0,193.04,120.2,203.2,Orthodox,3.67,64.0,2.44,57.0,1.42,55.0,73.0,0.8
1,18,11,0,190.5,119.75,200.66,Southpaw,2.18,47.0,3.84,38.0,2.02,40.0,54.0,2.0,34,10,1,190.5,108.86,195.58,Orthodox,1.95,42.0,2.4,55.0,1.3,29.0,36.0,2.4
1,30,9,0,185.42,83.91,190.5,Orthodox,4.33,38.0,2.71,65.0,1.05,43.0,63.0,0.3,23,10,0,185.42,83.91,,Orthodox,1.83,43.0,2.3,49.0,1.31,28.0,43.0,1.3
0,27,14,1,185.42,92.99,193.04,Orthodox,3.57,50.0,2.79,54.0,2.01,48.0,49.0,0.7,32,15,0,180.34,83.91,187.96,Orthodox,2.44,47.0,2.7,51.0,1.52,52.0,57.0,0.3
0,14,3,0,185.42,108.86,195.58,Orthodox,6.37,57.0,2.33,57.0,5.13,45.0,85.0,0.4,21,9,0,193.04,107.95,195.58,Orthodox,4.49,47.0,3.33,56.0,0.3,50.0,81.0,0.1
0,17,14,0,185.42,83.91,190.5,Orthodox,4.92,36.0,5.27,54.0,0.48,18.0,75.0,0.0,20,4,0,193.04,108.86,203.2,Orthodox,4.82,53.0,3.82,54.0,1.86,34.0,68.0,0.0
1,23,11,1,167.64,61.23,172.72,Orthodox,3.77,40.0,2.82,65.0,2.29,31.0,65.0,0.3,13,7,1,175.26,70.31,177.8,Orthodox,1.92,32.0,2.64,66.0,2.91,47.0,81.0,0.7
1,24,4,0,172.72,61.23,172.72,Orthodox,3.91,33.0,2.61,70.0,2.82,42.0,83.0,0.1,27,3,1,160.02,56.7,167.64,Orthodox,3.43,54.0,1.66,67.0,3.35,56.0,65.0,0.5
0,45,9,0,175.26,77.11,185.42,Switch,2.14,53.0,1.36,53.0,2.95,50.0,35.0,1.2,17,11,0,177.8,77.11,185.42,Orthodox,1.79,36.0,2.27,63.0,2.46,48.0,64.0,0.4
1,34,10,1,190.5,108.86,195.58,Orthodox,1.95,42.0,2.4,55.0,1.3,29.0,36.0,2.4,10,5,0,193.04,111.13,198.12,Orthodox,2.92,37.0,2.22,57.0,2.32,46.0,72.0,0.4
1,24,4,0,172.72,61.23,172.72,Orthodox,3.91,33.0,2.61,70.0,2.82,42.0,83.0,0.1,35,11,0,167.64,61.23,170.18,Orthodox,2.65,40.0,2.59,64.0,1.54,30.0,58.0,0.8
0,12,2,0,187.96,120.2,203.2,Orthodox,4.38,47.0,3.53,53.0,1.42,33.0,42.0,0.0,21,9,0,193.04,107.95,195.58,Orthodox,4.49,47.0,3.33,56.0,0.3,50.0,81.0,0.1
0,44,9,0,175.26,61.23,193.04,Orthodox,3.98,43.0,1.86,74.0,0.0,0.0,17.0,1.6,27,3,1,160.02,56.7,167.64,Orthodox,3.43,54.0,1.66,67.0,3.35,56.0,65.0,0.5
1,26,2,0,180.34,83.91,193.04,Orthodox,3.78,53.0,1.4,72.0,4.16,74.0,83.0,1.1,31,9,1,182.88,77.11,182.88,Orthodox,2.45,36.0,1.8,56.0,2.83,29.0,35.0,1.2
1,24,8,0,185.42,83.91,187.96,Southpaw,2.59,53.0,1.57,61.0,1.21,65.0,75.0,0.4,19,11,0,185.42,92.99,190.5,Orthodox,2.85,57.0,1.53,59.0,2.78,46.0,58.0,0.5
1,30,9,0,185.42,83.91,190.5,Orthodox,4.33,38.0,2.71,65.0,1.05,43.0,63.0,0.3,20,9,0,185.42,83.91,185.42,Orthodox,3.16,48.0,2.64,54.0,0.84,50.0,63.0,0.1
0,18,6,0,162.56,61.23,167.64,Southpaw,2.09,45.0,2.01,57.0,0.41,22.0,45.0,0.0,27,3,1,160.02,56.7,167.64,Orthodox,3.43,54.0,1.66,67.0,3.35,56.0,65.0,0.5
Draw,23,11,1,167.64,61.23,172.72,Orthodox,3.77,40.0,2.82,65.0,2.29,31.0,65.0,0.3,13,7,1,175.26,70.31,177.8,Orthodox,1.92,32.0,2.64,66.0,2.91,47.0,81.0,0.7
1,26,2,0,180.34,83.91,193.04,Orthodox,3.78,53.0,1.4,72.0,4.16,74.0,83.0,1.1,17,11,0,177.8,77.11,185.42,Orthodox,1.79,36.0,2.27,63.0,2.46,48.0,64.0,0.4
0,45,9,0,175.26,77.11,185.42,Switch,2.14,53.0,1.36,53.0,2.95,50.0,35.0,1.2,16,14,2,175.26,70.31,177.8,Orthodox,2.76,48.0,3.2,56.0,1.19,55.0,74.0,0.5
1,30,9,0,185.42,83.91,190.5,Orthodox,4.33,38.0,2.71,65.0,1.05,43.0,63.0,0.3,14,6,0,177.8,77.11,190.5,Orthodox,3.1,41.0,3.62,57.0,2.29,67.0,92.0,1.0
1,23,11,1,167.64,61.23,172.72,Orthodox,3.77,40.0,2.82,65.0,2.29,31.0,65.0,0.3,16,14,2,175.26,70.31,177.8,Orthodox,2.76,48.0,3.2,56.0,1.19,55.0,74.0,0.5
1,19,11,0,185.42,92.99,190.5,Orthodox,2.85,57.0,1.53,59.0,2.78,46.0,58.0,0.5,0,1,0,175.26,99.79,,Orthodox,0.0,0.0,2.41,27.0,0.0,0.0,0.0,0.0
0,22,14,0,182.88,119.29,185.42,Orthodox,2.18,36.0,4.79,46.0,1.14,27.0,65.0,0.1,21,9,0,193.04,107.95,195.58,Orthodox,4.49,47.0,3.33,56.0,0.3,50.0,81.0,0.1
1,45,9,0,175.26,77.11,185.42,Switch,2.14,53.0,1.36,53.0,2.95,50.0,35.0,1.2,13,5,0,182.88,77.11,187.96,Orthodox,2.02,49.0,1.2,61.0,3.74,38.0,31.0,1.2
0,21,8,0,187.96,92.99,193.04,Orthodox,2.97,35.0,2.71,56.0,0.44,75.0,81.0,0.0,29,7,0,185.42,83.91,193.04,Southpaw,4.1,44.0,2.07,62.0,1.31,66.0,63.0,0.7
1,30,9,0,185.42,83.91,190.5,Orthodox,4.33,38.0,2.71,65.0,1.05,43.0,63.0,0.3,14,8,0,185.42,83.91,187.96,Orthodox,2.03,36.0,3.06,49.0,1.67,54.0,47.0,1.8
0,16,14,2,175.26,70.31,177.8,Orthodox,2.76,48.0,3.2,56.0,1.19,55.0,74.0,0.5,23,11,1,167.64,61.23,172.72,Orthodox,3.77,40.0,2.82,65.0,2.29,31.0,65.0,0.3
1,45,9,0,175.26,77.11,185.42,Switch,2.14,53.0,1.36,53.0,2.95,50.0,35.0,1.2,13,7,1,177.8,83.91,,Orthodox,1.71,41.0,1.67,55.0,1.13,20.0,40.0,0.8
1,26,2,0,180.34,83.91,193.04,Orthodox,3.78,53.0,1.4,72.0,4.16,74.0,83.0,1.1,25,10,0,182.88,77.11,187.96,Orthodox,2.46,35.0,3.44,51.0,0.73,35.0,35.0,0.4
1,21,9,0,193.04,107.95,195.58,Orthodox,4.49,47.0,3.33,56.0,0.3,50.0,81.0,0.1,17,11,0,187.96,109.77,193.04,Orthodox,2.12,45.0,2.94,57.0,2.8,39.0,66.0,1.1
1,14,3,0,185.42,108.86,195.58,Orthodox,6.37,57.0,2.33,57.0,5.13,45.0,85.0,0.4,34,10,1,190.5,108.86,195.58,Orthodox,1.95,42.0,2.4,55.0,1.3,29.0,36.0,2.4
1,35,13,1,180.34,92.99,187.96,Orthodox,2.79,40.0,2.19,60.0,0.97,53.0,62.0,0.6,30,9,0,185.42,83.91,190.5,Orthodox,4.33,38.0,2.71,65.0,1.05,43.0,63.0,0.3
1,19,11,0,185.42,92.99,190.5,Orthodox,2.85,57.0,1.53,59.0,2.78,46.0,58.0,0.5,16,10,0,185.42,92.99,190.5,Orthodox,1.88,52.0,2.62,40.0,3.89,40.0,50.0,0.8
1,21,9,0,193.04,107.95,195.58,Orthodox,4.49,47.0,3.33,56.0,0.3,50.0,81.0,0.1,39,16,1,187.96,102.06,195.58,Orthodox,1.05,47.0,1.78,50.0,0.0,0.0,25.0,1.0
1,23,11,1,167.64,61.23,172.72,Orthodox,3.77,40.0,2.82,65.0,2.29,31.0,65.0,0.3,17,5,0,180.34,70.31,,Orthodox,1.12,28.0,4.91,44.0,3.64,38.0,100.0,1.5
1,19,11,0,185.42,92.99,190.5,Orthodox,2.85,57.0,1.53,59.0,2.78,46.0,58.0,0.5,15,7,0,190.5,104.33,198.12,Orthodox,3.03,56.0,2.81,52.0,0.7,53.0,59.0,0.2
1,30,9,0,185.42,83.91,190.5,Orthodox,4.33,38.0,2.71,65.0,1.05,43.0,63.0,0.3,35,16,2,180.34,83.91,195.58,Orthodox,2.27,35.0,1.65,67.0,2.51,65.0,38.0,1.2
1,21,9,0,193.04,107.95,195.58,Orthodox,4.49,47.0,3.33,56.0,0.3,50.0,81.0,0.1,35,11,2,187.96,104.33,185.42,Southpaw,2.11,50.0,1.89,63.0,0.19,40.0,78.0,0.3
1,34,10,1,190.5,108.86,195.58,Orthodox,1.95,42.0,2.4,55.0,1.3,29.0,36.0,2.4,19,11,0,185.42,92.99,190.5,Orthodox,2.85,57.0,1.53,59.0,2.78,46.0,58.0,0.5
1,26,2,0,180.34,83.91,193.04,Orthodox,3.78,53.0,1.4,72.0,4.16,74.0,83.0,1.1,23,15,0,175.26,77.11,177.8,Orthodox,3.73,41.0,3.42,62.0,0.71,60.0,63.0,0.3
1,32,15,0,180.34,83.91,187.96,Orthodox,2.44,47.0,2.7,51.0,1.52,52.0,57.0,0.3,30,9,0,185.42,83.91,190.5,Orthodox,4.33,38.0,2.71,65.0,1.05,43.0,63.0,0.3
1,23,11,1,167.64,61.23,172.72,Orthodox,3.77,40.0,2.82,65.0,2.29,31.0,65.0,0.3,36,4,1,167.64,70.31,170.18,Orthodox,2.17,35.0,2.71,55.0,4.09,46.0,56.0,0.4
1,45,9,0,175.26,77.11,185.42,Switch,2.14,53.0,1.36,53.0,2.95,50.0,35.0,1.2,11,7,0,167.64,77.11,172.72,Orthodox,1.98,39.0,2.64,46.0,2.05,20.0,38.0,0.9
1,27,14,1,185.42,92.99,193.04,Orthodox,3.57,50.0,2.79,54.0,2.01,48.0,49.0,0.7,21,8,0,187.96,92.99,193.04,Orthodox,2.97,35.0,2.71,56.0,0.44,75.0,81.0,0.0
1,21,9,0,193.04,107.95,195.58,Orthodox,4.49,47.0,3.33,56.0,0.3,50.0,81.0,0.1,33,13,0,210.82,120.2,213.36,Orthodox,3.12,47.0,4.04,46.0,0.56,46.0,55.0,1.7
1,26,2,0,180.34,83.91,193.04,Orthodox,3.78,53.0,1.4,72.0,4.16,74.0,83.0,1.1,16,14,2,175.26,70.31,177.8,Orthodox,2.76,48.0,3.2,56.0,1.19,55.0,74.0,0.5
1,32,15,0,180.34,83.91,187.96,Orthodox,2.44,47.0,2.7,51.0,1.52,52.0,57.0,0.3,29,7,0,185.42,83.91,193.04,Southpaw,4.1,44.0,2.07,62.0,1.31,66.0,63.0,0.7
1,18,11,0,190.5,119.75,200.66,Southpaw,2.18,47.0,3.84,38.0,2.02,40.0,54.0,2.0,34,10,1,190.5,108.86,195.58,Orthodox,1.95,42.0,2.4,55.0,1.3,29.0,36.0,2.4
1,5,3,0,190.5,120.2,205.74,Orthodox,3.53,72.0,2.11,50.0,3.9,55.0,60.0,0.5,19,11,0,185.42,92.99,190.5,Orthodox,2.85,57.0,1.53,59.0,2.78,46.0,58.0,0.5
1,21,9,0,193.04,107.95,195.58,Orthodox,4.49,47.0,3.33,56.0,0.3,50.0,81.0,0.1,24,9,1,193.04,104.78,195.58,Orthodox,3.59,52.0,2.64,55.0,1.75,31.0,31.0,1.2
1,30,9,0,185.42,83.91,190.5,Orthodox,4.33,38.0,2.71,65.0,1.05,43.0,63.0,0.3,22,11,0,180.34,83.91,185.42,Southpaw,2.87,42.0,2.87,52.0,1.14,41.0,53.0,0.8
1,19,8,1,182.88,92.99,190.5,Orthodox,2.14,37.0,2.42,63.0,2.98,44.0,73.0,0.0,21,8,0,187.96,92.99,193.04,Orthodox,2.97,35.0,2.71,56.0,0.44,75.0,81.0,0.0
1,32,15,0,180.34,83.91,187.96,Orthodox,2.44,47.0,2.7,51.0,1.52,52.0,57.0,0.3,19,8,0,172.72,77.11,180.34,Orthodox,1.75,51.0,2.04,59.0,3.93,45.0,0.0,4.1
1,26,2,0,180.34,83.91,193.04,Orthodox,3.78,53.0,1.4,72.0,4.16,74.0,83.0,1.1,30,7,1,182.88,77.11,187.96,Orthodox,2.61,50.0,1.65,54.0,3.6,51.0,56.0,0.8
1,23,11,1,167.64,61.23,172.72,Orthodox,3.77,40.0,2.82,65.0,2.29,31.0,65.0,0.3,24,17,0,167.64,70.31,180.34,Orthodox,1.78,39.0,2.85,55.0,1.53,36.0,37.0,2.4
1,30,9,0,185.42,83.91,190.5,Orthodox,4.33,38.0,2.71,65.0,1.05,43.0,63.0,0.3,19,12,0,182.88,83.91,182.88,Orthodox,3.61,54.0,3.46,47.0,1.13,100.0,0.0,0.0
1,23,15,0,175.26,77.11,177.8,Orthodox,3.73,41.0,3.42,62.0,0.71,60.0,63.0,0.3,45,9,0,175.26,77.11,185.42,Switch,2.14,53.0,1.36,53.0,2.95,50.0,35.0,1.2
1,26,2,0,180.34,83.91,193.04,Orthodox,3.78,53.0,1.4,72.0,4.16,74.0,83.0,1.1,11,7,0,167.64,77.11,172.72,Orthodox,1.98,39.0,2.64,46.0,2.05,20.0,38.0,0.9
1,30,9,0,185.42,83.91,190.5,Orthodox,4.33,38.0,2.71,65.0,1.05,43.0,63.0,0.3,10,5,0,177.8,83.91,180.34,Orthodox,0.18,12.0,4.03,56.0,2.67,60.0,0.0,2.7
1,13,7,1,175.26,70.31,177.8,Orthodox,1.92,32.0,2.64,66.0,2.91,47.0,81.0,0.7,23,11,1,167.64,61.23,172.72,Orthodox,3.77,40.0,2.82,65.0,2.29,31.0,65.0,0.3
1,34,11,0,187.96,83.91,195.58,Southpaw,3.05,61.0,2.05,60.0,0.5,77.0,69.0,0.8,32,15,0,180.34,83.91,187.96,Orthodox,2.44,47.0,2.7,51.0,1.52,52.0,57.0,0.3
1,34,10,1,190.5,108.86,195.58,Orthodox,1.95,42.0,2.4,55.0,1.3,29.0,36.0,2.4,31,10,0,203.2,120.2,203.2,Orthodox,4.23,41.0,2.61,61.0,0.11,100.0,75.0,0.1
1,21,8,0,187.96,92.99,193.04,Orthodox,2.97,35.0,2.71,56.0,0.44,75.0,81.0,0.0,35,13,1,180.34,92.99,187.96,Orthodox,2.79,40.0,2.19,60.0,0.97,53.0,62.0,0.6
1,26,2,0,180.34,83.91,193.04,Orthodox,3.78,53.0,1.4,72.0,4.16,74.0,83.0,1.1,45,9,0,175.26,77.11,185.42,Switch,2.14,53.0,1.36,53.0,2.95,50.0,35.0,1.2
1,23,11,1,167.64,61.23,172.72,Orthodox,3.77,40.0,2.82,65.0,2.29,31.0,65.0,0.3,24,9,0,170.18,70.31,172.72,Southpaw,3.17,43.0,3.03,64.0,0.67,30.0,60.0,0.8
1,19,8,1,182.88,92.99,190.5,Orthodox,2.14,37.0,2.42,63.0,2.98,44.0,73.0,0.0,30,9,0,185.42,83.91,190.5,Orthodox,4.33,38.0,2.71,65.0,1.05,43.0,63.0,0.3
1,17,11,2,187.96,83.91,193.04,Orthodox,3.25,36.0,2.98,59.0,1.18,45.0,62.0,0.7,21,8,0,187.96,92.99,193.04,Orthodox,2.97,35.0,2.71,56.0,0.44,75.0,81.0,0.0
1,30,9,0,185.42,83.91,190.5,Orthodox,4.33,38.0,2.71,65.0,1.05,43.0,63.0,0.3,12,8,0,185.42,92.99,193.04,Orthodox,3.69,42.0,3.8,61.0,3.0,34.0,91.0,0.0
1,37,12,0,185.42,92.99,185.42,Orthodox,3.25,54.0,2.51,55.0,1.52,56.0,73.0,0.1,32,15,0,180.34,83.91,187.96,Orthodox,2.44,47.0,2.7,51.0,1.52,52.0,57.0,0.3
1,19,11,0,185.42,92.99,190.5,Orthodox,2.85,57.0,1.53,59.0,2.78,46.0,58.0,0.5,17,11,0,187.96,109.77,193.04,Orthodox,2.12,45.0,2.94,57.0,2.8,39.0,66.0,1.1
1,26,2,0,180.34,83.91,193.04,Orthodox,3.78,53.0,1.4,72.0,4.16,74.0,83.0,1.1,17,11,0,177.8,77.11,185.42,Orthodox,1.79,36.0,2.27,63.0,2.46,48.0,64.0,0.4
1,34,10,1,190.5,108.86,195.58,Orthodox,1.95,42.0,2.4,55.0,1.3,29.0,36.0,2.4,28,16,0,193.04,113.4,198.12,Orthodox,2.37,50.0,1.77,54.0,1.22,50.0,32.0,0.7
1,23,11,1,167.64,61.23,172.72,Orthodox,3.77,40.0,2.82,65.0,2.29,31.0,65.0,0.3,12,5,0,172.72,70.31,190.5,Orthodox,2.34,43.0,2.32,60.0,3.65,36.0,31.0,1.3
1,37,12,0,185.42,92.99,185.42,Orthodox,3.25,54.0,2.51,55.0,1.52,56.0,73.0,0.1,21,8,0,187.96,92.99,193.04,Orthodox,2.97,35.0,2.71,56.0,0.44,75.0,81.0,0.0
1,30,9,0,185.42,83.91,190.5,Orthodox,4.33,38.0,2.71,65.0,1.05,43.0,63.0,0.3,7,11,2,190.5,92.99,195.58,Orthodox,1.13,37.0,4.6,53.0,0.0,0.0,0.0,1.2
1,11,7,0,167.64,77.11,172.72,Orthodox,1.98,39.0,2.64,46.0,2.05,20.0,38.0,0.9,26,2,0,180.34,83.91,193.04,Orthodox,3.78,53.0,1.4,72.0,4.16,74.0,83.0,1.1
1,45,9,0,175.26,77.11,185.42,Switch,2.14,53.0,1.36,53.0,2.95,50.0,35.0,1.2,31,18,5,180.34,77.11,172.72,Orthodox,3.76,45.0,3.03,58.0,0.7,55.0,55.0,2.4
1,19,11,0,185.42,92.99,190.5,Orthodox,2.85,57.0,1.53,59.0,2.78,46.0,58.0,0.5,31,10,0,203.2,120.2,203.2,Orthodox,4.23,41.0,2.61,61.0,0.11,100.0,75.0,0.1
1,23,11,1,167.64,61.23,172.72,Orthodox,3.77,40.0,2.82,65.0,2.29,31.0,65.0,0.3,16,8,0,167.64,65.77,172.72,Orthodox,3.71,41.0,2.3,65.0,1.87,46.0,59.0,0.9
1,30,9,0,185.42,83.91,190.5,Orthodox,4.33,38.0,2.71,65.0,1.05,43.0,63.0,0.3,14,8,2,190.5,83.91,193.04,Orthodox,1.89,34.0,3.38,56.0,1.81,36.0,50.0,1.8
1,21,8,0,187.96,92.99,193.04,Orthodox,2.97,35.0,2.71,56.0,0.44,75.0,81.0,0.0,19,12,1,190.5,92.99,187.96,Orthodox,2.59,46.0,2.88,60.0,2.47,35.0,54.0,0.6
1,26,2,0,180.34,83.91,193.04,Orthodox,3.78,53.0,1.4,72.0,4.16,74.0,83.0,1.1,45,9,0,175.26,77.11,185.42,Switch,2.14,53.0,1.36,53.0,2.95,50.0,35.0,1.2
1,45,9,0,175.26,77.11,185.42,Switch,2.14,53.0,1.36,53.0,2.95,50.0,35.0,1.2,16,14,2,175.26,70.31,177.8,Orthodox,2.76,48.0,3.2,56.0,1.19,55.0,74.0,0.5
1,21,8,0,187.96,92.99,193.04,Orthodox,2.97,35.0,2.71,56.0,0.44,75.0,81.0,0.0,37,11,0,185.42,92.99,190.5,Orthodox,2.23,45.0,1.53,57.0,2.48,42.0,65.0,2.6
1,30,9,0,185.42,83.91,190.5,Orthodox,4.33,38.0,2.71,65.0,1.05,43.0,63.0,0.3,14,11,0,175.26,77.11,,Orthodox,1.25,22.0,4.03,52.0,0.94,18.0,42.0,0.0
1,45,9,0,175.26,77.11,185.42,Switch,2.14,53.0,1.36,53.0,2.95,50.0,35.0,1.2,15,2,3,185.42,79.38,,Southpaw,0.88,41.0,1.13,37.0,0.0,0.0,66.0,0.8
1,26,2,0,180.34,83.91,193.04,Orthodox,3.78,53.0,1.4,72.0,4.16,74.0,83.0,1.1,16,14,2,175.26,70.31,177.8,Orthodox,2.76,48.0,3.2,56.0,1.19,55.0,74.0,0.5
1,21,8,0,187.96,92.99,193.04,Orthodox,2.97,35.0,2.71,56.0,0.44,75.0,81.0,0.0,19,11,0,185.42,92.99,190.5,Orthodox,2.85,57.0,1.53,59.0,2.78,46.0,58.0,0.5
1,26,2,0,180.34,83.91,193.04,Orthodox,3.78,53.0,1.4,72.0,4.16,74.0,83.0,1.1,36,4,1,167.64,70.31,170.18,Orthodox,2.17,35.0,2.71,55.0,4.09,46.0,56.0,0.4
1,45,9,0,175.26,77.11,185.42,Switch,2.14,53.0,1.36,53.0,2.95,50.0,35.0,1.2,44,17,0,182.88,83.91,177.8,Southpaw,2.41,51.0,1.69,57.0,2.45,55.0,62.0,0.6
1,19,11,0,185.42,92.99,190.5,Orthodox,2.85,57.0,1.53,59.0,2.78,46.0,58.0,0.5,8,5,0,187.96,92.99,,Switch,1.52,41.0,1.91,41.0,1.06,14.0,37.0,0.0
1,21,8,0,187.96,92.99,193.04,Orthodox,2.97,35.0,2.71,56.0,0.44,75.0,81.0,0.0,91,22,5,185.42,83.91,187.96,Orthodox,1.19,39.0,1.99,55.0,1.83,38.0,29.0,1.1
1,26,2,0,180.34,83.91,193.04,Orthodox,3.78,53.0,1.4,72.0,4.16,74.0,83.0,1.1,21,9,0,175.26,77.11,180.34,Southpaw,2.79,46.0,1.9,56.0,2.35,47.0,75.0,0.8
1,45,9,0,175.26,77.11,185.42,Switch,2.14,53.0,1.36,53.0,2.95,50.0,35.0,1.2,21,9,0,175.26,77.11,180.34,Southpaw,2.79,46.0,1.9,56.0,2.35,47.0,75.0,0.8
1,21,8,0,187.96,92.99,193.04,Orthodox,2.97,35.0,2.71,56.0,0.44,75.0,81.0,0.0,19,11,0,185.42,92.99,190.5,Orthodox,2.85,57.0,1.53,59.0,2.78,46.0,58.0,0.5
1,26,2,0,180.34,83.91,193.04,Orthodox,3.78,53.0,1.4,72.0,4.16,74.0,83.0,1.1,23,10,0,185.42,83.91,,Orthodox,1.83,43.0,2.3,49.0,1.31,28.0,43.0,1.3
1,45,9,0,175.26,77.11,185.42,Switch,2.14,53.0,1.36,53.0,2.95,50.0,35.0,1.2,26,2,0,180.34,83.91,193.04,Orthodox,3.78,53.0,1.4,72.0,4.16,74.0,83.0,1.1
1,19,11,0,185.42,92.99,190.5,Orthodox,2.85,57.0,1.53,59.0,2.78,46.0,58.0,0.5,26,14,0,182.88,83.91,187.96,Southpaw,1.59,46.0,2.83,50.0,1.02,60.0,53.0,0.6
1,21,8,0,187.96,92.99,193.04,Orthodox,2.97,35.0,2.71,56.0,0.44,75.0,81.0,0.0,26,33,2,182.88,92.99,,Southpaw,2.11,38.0,2.2,54.0,0.88,28.0,44.0,0.0
1,26,2,0,180.34,83.91,193.04,Orthodox,3.78,53.0,1.4,72.0,4.16,74.0,83.0,1.1,23,7,0,182.88,77.11,190.5,Orthodox,1.66,32.0,1.89,61.0,4.05,60.0,66.0,1.0
1,45,9,0,175.26,77.11,185.42,Switch,2.14,53.0,1.36,53.0,2.95,50.0,35.0,1.2,7,5,0,185.42,77.11,,Orthodox,0.92,48.0,1.87,47.0,1.46,30.0,50.0,2.5
1,21,8,0,187.96,92.99,193.04,Orthodox,2.97,35.0,2.71,56.0,0.44,75.0,81.0,0.0,19,12,1,190.5,92.99,187.96,Orthodox,2.59,46.0,2.88,60.0,2.47,35.0,54.0,0.6
1,26,14,0,182.88,83.91,187.96,Southpaw,1.59,46.0,2.83,50.0,1.02,60.0,53.0,0.6,19,11,0,185.42,92.99,190.5,Orthodox,2.85,57.0,1.53,59.0,2.78,46.0,58.0,0.5
1,26,2,0,180.34,83.91,193.04,Orthodox,3.78,53.0,1.4,72.0,4.16,74.0,83.0,1.1,24,11,0,177.8,77.11,182.88,Orthodox,2.49,41.0,2.19,58.0,5.27,59.0,59.0,1.0
1,16,14,2,175.26,70.31,177.8,Orthodox,2.76,48.0,3.2,56.0,1.19,55.0,74.0,0.5,45,9,0,175.26,77.11,185.42,Switch,2.14,53.0,1.36,53.0,2.95,50.0,35.0,1.2
1,45,9,0,175.26,77.11,185.42,Switch,2.14,53.0,1.36,53.0,2.95,50.0,35.0,1.2,21,9,0,175.26,77.11,180.34,Southpaw,2.79,46.0,1.9,56.0,2.35,47.0,75.0,0.8
1,19,11,0,185.42,92.99,190.5,Orthodox,2.85,57.0,1.53,59.0,2.78,46.0,58.0,0.5,19,12,1,190.5,92.99,187.96,Orthodox,2.59,46.0,2.88,60.0,2.47,35.0,54.0,0.6
1,19,11,0,185.42,92.99,190.5,Orthodox,2.85,57.0,1.53,59.0,2.78,46.0,58.0,0.5,21,8,0,187.96,92.99,193.04,Orthodox,2.97,35.0,2.71,56.0,0.44,75.0,81.0,0.0
1,45,9,0,175.26,77.11,185.42,Switch,2.14,53.0,1.36,53.0,2.95,50.0,35.0,1.2,36,4,1,167.64,70.31,170.18,Orthodox,2.17,35.0,2.71,55.0,4.09,46.0,56.0,0.4
1,21,8,0,187.96,92.99,193.04,Orthodox,2.97,35.0,2.71,56.0,0.44,75.0,81.0,0.0,37,11,0,185.42,92.99,190.5,Orthodox,2.23,45.0,1.53,57.0,2.48,42.0,65.0,2.6
1,45,9,0,175.26,77.11,185.42,Switch,2.14,53.0,1.36,53.0,2.95,50.0,35.0,1.2,8,5,0,175.26,77.11,,Southpaw,0.6,45.0,2.22,44.0,3.33,45.0,50.0,0.0
1,53,25,0,193.04,120.2,,Orthodox,1.85,51.0,1.15,61.0,2.3,39.0,40.0,1.0,19,11,0,185.42,92.99,190.5,Orthodox,2.85,57.0,1.53,59.0,2.78,46.0,58.0,0.5
1,45,9,0,175.26,77.11,185.42,Switch,2.14,53.0,1.36,53.0,2.95,50.0,35.0,1.2,16,14,0,175.26,77.11,,Orthodox,0.65,41.0,1.55,44.0,2.47,70.0,43.0,0.9
1,21,8,0,187.96,92.99,193.04,Orthodox,2.97,35.0,2.71,56.0,0.44,75.0,81.0,0.0,26,14,0,182.88,83.91,187.96,Southpaw,1.59,46.0,2.83,50.0,1.02,60.0,53.0,0.6
1,45,9,0,175.26,77.11,185.42,Switch,2.14,53.0,1.36,53.0,2.95,50.0,35.0,1.2,38,13,2,170.18,76.2,,Orthodox,2.45,49.0,1.94,59.0,1.87,69.0,56.0,0.3
1,35,8,0,190.5,113.4,198.12,Orthodox,3.2,50.0,2.11,57.0,1.26,55.0,55.0,1.4,19,11,0,185.42,92.99,190.5,Orthodox,2.85,57.0,1.53,59.0,2.78,46.0,58.0,0.5
1,21,8,0,187.96,92.99,193.04,Orthodox,2.97,35.0,2.71,56.0,0.44,75.0,81.0,0.0,24,7,0,175.26,83.01,,Orthodox,1.98,37.0,2.19,70.0,0.27,100.0,88.0,0.3
1,45,9,0,175.26,77.11,185.42,Switch,2.14,53.0,1.36,53.0,2.95,50.0,35.0,1.2,16,14,0,175.26,77.11,,Orthodox,0.65,41.0,1.55,44.0,2.47,70.0,43.0,0.9
1,19,11,0,185.42,92.99,190.5,Orthodox,2.85,57.0,1.53,59.0,2.78,46.0,58.0,0.5,20,11,0,185.42,109.32,,Orthodox,1.93,34.0,3.02,50.0,0.26,28.0,78.0,0.0
1,21,8,0,187.96,92.99,193.04,Orthodox,2.97,35.0,2.71,56.0,0.44,75.0,81.0,0.0,15,8,1,187.96,83.01,,Orthodox,1.33,32.0,1.9,60.0,2.46,33.0,54.0,1.2
1,19,11,0,185.42,92.99,190.5,Orthodox,2.85,57.0,1.53,59.0,2.78,46.0,58.0,0.5,20,11,0,185.42,109.32,,Orthodox,1.93,34.0,3.02,50.0,0.26,28.0,78.0,0.0
1,21,8,0,187.96,92.99,193.04,Orthodox,2.97,35.0,2.71,56.0,0.44,75.0,81.0,0.0,17,16,0,177.8,92.99,,Orthodox,1.26,54.0,1.12,57.0,2.0,56.0,30.0,0.8
1,21,8,0,187.96,92.99,193.04,Orthodox,2.97,35.0,2.71,56.0,0.44,75.0,81.0,0.0,60,26,1,175.26,112.04,187.96,Orthodox,0.97,30.0,2.87,59.0,1.06,12.0,66.0,0.7
1,53,20,2,175.26,70.31,182.88,Orthodox,1.12,44.0,1.96,43.0,1.79,30.0,25.0,2.1,45,9,0,175.26,77.11,185.42,Switch,2.14,53.0,1.36,53.0,2.95,50.0,35.0,1.2
1,19,11,0,185.42,92.99,190.5,Orthodox,2.85,57.0,1.53,59.0,2.78,46.0,58.0,0.5,17,16,0,177.8,92.99,,Orthodox,1.26,54.0,1.12,57.0,2.0,56.0,30.0,0.8
1,45,9,0,175.26,77.11,185.42,Switch,2.14,53.0,1.36,53.0,2.95,50.0,35.0,1.2,2,3,1,177.8,77.11,,Orthodox,0.0,0.0,0.0,0.0,0.0,0.0,0.0,0.0
1,21,8,0,187.96,92.99,193.04,Orthodox,2.97,35.0,2.71,56.0,0.44,75.0,81.0,0.0,11,1,1,175.26,90.26,,Orthodox,0.0,0.0,0.0,0.0,0.0,0.0,0.0,0.0
1,45,9,0,175.26,77.11,185.42,Switch,2.14,53.0,1.36,53.0,2.95,50.0,35.0,1.2,1,2,0,175.26,77.11,,Orthodox,0.0,0.0,0.0,0.0,0.0,0.0,0.0,0.0
1,91,22,5,185.42,83.91,187.96,Orthodox,1.19,39.0,1.99,55.0,1.83,38.0,29.0,1.1,21,8,0,187.96,92.99,193.04,Orthodox,2.97,35.0,2.71,56.0,0.44,75.0,81.0,0.0
1,32,15,0,180.34,83.91,187.96,Orthodox,2.44,47.0,2.7,51.0,1.52,52.0,57.0,0.3,16,14,0,175.26,77.11,,Orthodox,0.65,41.0,1.55,44.0,2.47,70.0,43.0,0.9
1,32,15,0,180.34,83.91,187.96,Orthodox,2.44,47.0,2.7,51.0,1.52,52.0,57.0,0.3,10,5,2,182.88,92.99,,Orthodox,0.64,52.0,1.35,41.0,1.75,40.0,0.0,2.6
1,21,8,0,187.96,92.99,193.04,Orthodox,2.97,35.0,2.71,56.0,0.44,75.0,81.0,0.0,5,5,0,,,,Orthodox,0.0,0.0,0.0,0.0,0.0,0.0,0.0,0.0
1,19,11,0,185.42,92.99,190.5,Orthodox,2.85,57.0,1.53,59.0,2.78,46.0,58.0,0.5,12,14,0,187.96,100.24,,Orthodox,0.41,46.0,0.47,60.0,0.89,50.0,20.0,0.9
1,19,11,0,185.42,92.99,190.5,Orthodox,2.85,57.0,1.53,59.0,2.78,46.0,58.0,0.5,26,14,0,182.88,83.91,187.96,Southpaw,1.59,46.0,2.83,50.0,1.02,60.0,53.0,0.6
1,19,11,0,185.42,92.99,190.5,Orthodox,2.85,57.0,1.53,59.0,2.78,46.0,58.0,0.5,0,4,0,190.5,136.08,,Orthodox,0.0,0.0,0.0,0.0,0.0,0.0,0.0,0.0
1,19,11,0,185.42,92.99,190.5,Orthodox,2.85,57.0,1.53,59.0,2.78,46.0,58.0,0.5,2,1,0,185.42,131.54,,Orthodox,0.0,0.0,0.0,0.0,0.0,0.0,0.0,0.0
Draw,28,17,2,185.42,92.99,182.88,Orthodox,1.47,46.0,4.3,39.0,0.94,60.0,44.0,2.5,15,2,3,185.42,79.38,,Southpaw,0.88,41.0,1.13,37.0,0.0,0.0,66.0,0.8
1,15,2,3,185.42,79.38,,Southpaw,0.88,41.0,1.13,37.0,0.0,0.0,66.0,0.8,101,19,1,187.96,113.4,,Southpaw,0.0,0.0,0.0,0.0,0.0,0.0,0.0,0.0
1,15,2,3,185.42,79.38,,Southpaw,0.88,41.0,1.13,37.0,0.0,0.0,66.0,0.8,0,1,0,177.8,86.18,,Orthodox,0.0,0.0,0.0,0.0,0.0,0.0,0.0,0.0
1,15,2,3,185.42,79.38,,Southpaw,0.88,41.0,1.13,37.0,0.0,0.0,66.0,0.8,2,2,0,180.34,90.72,,Sideways,0.0,0.0,0.0,0.0,0.0,0.0,0.0,0.0
1,15,2,3,185.42,79.38,,Southpaw,0.88,41.0,1.13,37.0,0.0,0.0,66.0,0.8,10,7,1,190.5,106.59,,Orthodox,0.76,83.0,2.12,30.0,4.55,100.0,0.0,2.3
1,15,2,3,185.42,79.38,,Southpaw,0.88,41.0,1.13,37.0,0.0,0.0,66.0,0.8,20,17,0,187.96,102.06,,Orthodox,0.0,0.0,0.0,0.0,0.0,0.0,0.0,0.0
1,15,2,3,185.42,79.38,,Southpaw,0.88,41.0,1.13,37.0,0.0,0.0,66.0,0.8,9,6,1,190.5,117.93,,Southpaw,0.0,0.0,0.0,0.0,0.0,0.0,0.0,0.0
1,15,2,3,185.42,79.38,,Southpaw,0.88,41.0,1.13,37.0,0.0,0.0,66.0,0.8,0,1,0,170.18,80.74,,Orthodox,0.0,0.0,0.0,0.0,0.0,0.0,0.0,0.0
1,15,2,3,185.42,79.38,,Southpaw,0.88,41.0,1.13,37.0,0.0,0.0,66.0,0.8,33,21,1,180.34,86.18,,Southpaw,0.0,0.0,0.0,0.0,0.0,0.0,0.0,0.0
